{
  "IcoMoonType": "selection",
  "icons": [
    {
      "icon": {
        "paths": [
          "M512 0c-281.22 0-512 230.78-512 512s230.78 512 512 512 512-230.78 512-512-230.78-512-512-512z"
        ],
        "attrs": [
          {
            "fill": "rgb(130, 193, 74)"
          }
        ],
        "isMulticolor": false,
        "isMulticolor2": false,
        "grid": 0,
        "tags": [
          "green-circle"
        ],
        "colorPermutations": {
          "130193741253601331254206481": [
            {
              "f": 0
            }
          ]
        }
      },
      "attrs": [
        {
          "fill": "rgb(130, 193, 74)"
        }
      ],
      "properties": {
        "order": 5,
        "id": 2,
        "name": "green-circle",
        "prevSize": 32
      },
      "setIdx": 0,
      "setId": 3,
      "iconIdx": 0
    },
    {
      "icon": {
        "paths": [
          "M512 0c-281.22 0-512 230.78-512 512s230.78 512 512 512 512-230.78 512-512-230.78-512-512-512z"
        ],
        "attrs": [
          {
            "fill": "rgb(253, 60, 133)"
          }
        ],
        "isMulticolor": false,
        "isMulticolor2": false,
        "grid": 0,
        "tags": [
          "pink-circle"
        ],
        "colorPermutations": {
          "130193741253601331254206481": [
            {
              "f": 2
            }
          ]
        }
      },
      "attrs": [
        {
          "fill": "rgb(253, 60, 133)"
        }
      ],
      "properties": {
        "order": 6,
        "id": 1,
        "name": "pink-circle",
        "prevSize": 32
      },
      "setIdx": 0,
      "setId": 3,
      "iconIdx": 1
    },
    {
      "icon": {
        "paths": [
          "M512 0c-281.22 0-512 230.78-512 512s230.78 512 512 512 512-230.78 512-512-230.78-512-512-512z"
        ],
        "attrs": [
          {
            "fill": "rgb(254, 206, 48)"
          }
        ],
        "isMulticolor": false,
        "isMulticolor2": false,
        "grid": 0,
        "tags": [
          "yellow-circle"
        ],
        "colorPermutations": {
          "130193741253601331254206481": [
            {
              "f": 1
            }
          ]
        }
      },
      "attrs": [
        {
          "fill": "rgb(254, 206, 48)"
        }
      ],
      "properties": {
        "order": 7,
        "id": 0,
        "name": "yellow-circle",
        "prevSize": 32
      },
      "setIdx": 0,
      "setId": 3,
      "iconIdx": 2
    },
    {
      "icon": {
        "paths": [
          "M512 0c-282.77 0-512 229.23-512 512s229.23 512 512 512 512-229.23 512-512-229.23-512-512-512zM512 896c-212.078 0-384-171.922-384-384s171.922-384 384-384c212.078 0 384 171.922 384 384s-171.922 384-384 384z"
        ],
        "tags": [
          "radio-unchecked",
          "radio-button",
          "circle"
        ],
        "defaultCode": 59990,
        "grid": 16,
        "attrs": []
      },
      "attrs": [],
      "properties": {
        "ligatures": "radio-unchecked, radio-button3",
        "name": "radio-unchecked",
        "order": 3,
        "id": 343,
        "prevSize": 32
      },
      "setIdx": 2,
      "setId": 1,
      "iconIdx": 342
    }
  ],
  "height": 1024,
  "preferences": {
    "showGlyphs": true,
    "showQuickUse": true,
    "showQuickUse2": true,
    "showSVGs": true,
    "fontPref": {
      "prefix": "icon-",
      "metadata": {
        "fontFamily": "icomoon"
      },
      "metrics": {
        "emSize": 1024,
        "baseline": 6.25,
        "whitespace": 50
      },
      "embed": false
    },
    "imagePref": {
      "prefix": "icon-",
      "png": true,
      "useClassSelector": true,
      "color": 0,
      "bgColor": 16777215,
      "classSelector": ".icon",
      "name": "icomoon"
    },
    "historySize": 50,
    "showCodes": true,
    "gridSize": 16
  }
}